{
  "type": "GenericCrafter",
  "name": "Advanced Matter Synthesizer",
  "description": "The better version of matter synthesizer",
  "health": 1000,
  "size": 2,
   "requirements": [
   { "item": "copper", "amount": 400},
   { "item": "lead", "amount": 300},
   { "item": "titanium", "amount": 200},
   { "item": "graphite", "amount": 200},
   { "item": "silicon", "amount": 100},
   { "item": "plastanium", "amount": 30},
   ],


  "hasItems": true,
  "craftTime": 120,
  "consumes": {
    "power": 2,
  },
  "updateEffect": "smeltsmoke",
  "category": "crafting",
  "idleSoundVolume": 0.5,
  "itemCapacity": 40,
  "outputItem": { "item": "matter", "amount": 4 },
}