{
  "type": "multicraft.MultiCrafter",
  "name": "Advanced Fabricator",
  "description": "Makes resources from matter.",
  "health": 1000,
  "size": 2,
  "requirements": [
   { "item": "copper", "amount": 400},
   { "item": "lead", "amount": 300},
   { "item": "titanium", "amount": 250},
   { "item": "graphite", "amount": 300},
   { "item": "silicon", "amount": 200},
   { "item": "plastanium", "amount": 60},
   ],

  "hasItems": true,
  "updateEffect": "smeltsmoke",
  "category": "crafting",
  "idleSoundVolume": 0.5,
  "itemCapacity": 20,
  recipes:
[
{
  "input": matter-matter/2
  "output": copper
  "power": 15
  
  craftTime: 60.0
}
{
  "input": matter-matter/2
  "output": lead
  "power": 15
  
  craftTime: 60.0
}
{
  "input": matter-matter/2
  "output": sand
  "power": 15
  
  craftTime: 60.0
}
{
  "input": matter-matter/2
  "output": coal
  "power": 15
  
  craftTime: 60.0
}
{
  "input": matter-matter/3
  "output": graphite
  "power": 15
  
  craftTime: 60.0
}
{
  "input": matter-matter/6
  "output": silicon
  "power": 15
  
  craftTime: 60.0
}
{
  "input": matter-matter/6
  "output": titanium
  "power": 15
  
  craftTime: 60.0
}
{
  "input": matter-matter/6
  "output": metaglass
  "power": 15
  
  craftTime: 60.0
}
{
  "input": matter-matter/1
  "output": scrap
  "power": 15
  
  craftTime: 60.0
}
{
  "input": matter-matter/8
  "output": thorium
  "power": 15
  
  craftTime: 60.0
}
{
  "input": matter-matter/10
  "output": phase_fabric
  "power": 15
  
  craftTime: 60.0
}
{
  "input": matter-matter/6
  "output": water/0.5
  "power": 15
  
  craftTime: 60.0
}
{
  "input": matter-matter/8
  "output": cryogenic_liquid/0.5
  "power": 15
  
  craftTime: 60.0
}
{
  "input": matter-matter/16
  "output": oil/0.5
  "power": 15
  
  craftTime: 60.0
}
{
  "input": matter-matter/16
  "output": plastanium
  "power": 15
  
  craftTime: 60.0
}
{
  "input": matter-matter/34
  "output": surge_alloy
  "power": 15
  
  craftTime: 60.0
}

]
}