{
  "type": "multicraft.MultiCrafter",
  "name": "Compressor",
  "description": "Makes compressed matter from matter.",
  "health": 1000,
  "size": 2,
   "requirements": [
   { "item": "copper", "amount": 150},
   { "item": "lead", "amount": 100},
   { "item": "titanium", "amount": 100},
   { "item": "graphite", "amount": 100},
   { "item": "silicon", "amount": 50},
   ],

  "hasItems": true,
  "updateEffect": "smeltsmoke",
  "category": "crafting",
  "idleSoundVolume": 0.5,
  "itemCapacity": 20,
  recipes:
[
{
  "input": matter-matter/4
  "output": matter-compressed_matter
  "power": 15
  
  craftTime: 120.0
}
{
  "input": matter-compressed_matter
  "output": matter-matter/4
  "power": 15
  
  craftTime: 120.0
}
]
}