{
  "type": "multicraft.MultiCrafter",
  "name": "Fabricator",
  "description": "Makes resources from matter.",
  "health": 1000,
  "size": 2,
   "requirements": [
   { "item": "copper", "amount": 300},
   { "item": "lead", "amount": 400},
   { "item": "titanium", "amount": 100},
   { "item": "graphite", "amount": 150},
   { "item": "silicon", "amount": 150},
   ],

  "hasItems": true,
  "updateEffect": "smeltsmoke",
  "category": "crafting",
  "idleSoundVolume": 0.5,
  "itemCapacity": 20,
  recipes:
[
{
  "input": matter-matter/4
  "output": copper
  "power": 15
  
  craftTime: 120.0
}
{
  "input": matter-matter/4
  "output": lead
  "power": 15
  
  craftTime: 120.0
}
{
  "input": matter-matter/4
  "output": sand
  "power": 15
  
  craftTime: 120.0
}
{
  "input": matter-matter/4
  "output": coal
  "power": 15
  
  craftTime: 120.0
}
{
  "input": matter-matter/5
  "output": graphite
  "power": 15
  
  craftTime: 120.0
}
{
  "input": matter-matter/8
  "output": silicon
  "power": 15
  
  craftTime: 120.0
}
{
  "input": matter-matter/8
  "output": titanium
  "power": 15
  
  craftTime: 120.0
}
{
  "input": matter-matter/8
  "output": metaglass
  "power": 15
  
  craftTime: 120.0
}
{
  "input": matter-matter/3
  "output": scrap
  "power": 15
  
  craftTime: 120.0
}
{
  "input": matter-matter/10
  "output": thorium
  "power": 15
  
  craftTime: 120.0
}
{
  "input": matter-matter/14
  "output": phase_fabric
  "power": 15
  
  craftTime: 120.0
}
{
  "input": matter-matter/8
  "output": water/0.5
  "power": 15
  
  craftTime: 120.0
}
{
  "input": matter-matter/15
  "output": cryogenic_liquid/0.5
  "power": 15
  
  craftTime: 120.0
}
{
  "input": matter-matter/25
  "output": oil/0.5
  "power": 15
  
  craftTime: 120.0
}
{
  "input": matter-matter/33
  "output": plastanium
  "power": 15
  
  craftTime: 120.0
}
{
  "input": matter-matter/67
  "output": surge_alloy
  "power": 15
  
  craftTime: 120.0
}

]
}