{
  "type": "GenericCrafter",
  "name": "Matter Synthesizer",
  "description": "Synthesizes matter by connecting atoms and molecules.  Splashes a large amount of energy.",
  "health": 1000,
  "size": 2,
   "requirements": [
   { "item": "copper", "amount": 300},
   { "item": "lead", "amount": 150},
   { "item": "titanium", "amount": 50},
   { "item": "graphite", "amount": 100},
   ],


  "hasItems": true,
  "craftTime": 180,
  "consumes": {
    "power": 1.5,
  },
  "updateEffect": "smeltsmoke",
  "category": "crafting",
  "idleSoundVolume": 0.5,
  "itemCapacity": 20,
  "outputItem": { "item": "matter", "amount": 2 },
}